frame,kelas_salon,split,name_zip
1,lurus,train,Figaro-1k/Original/Training/Frame00001-org.jpg
2,lurus,train,Figaro-1k/Original/Training/Frame00002-org.jpg
3,lurus,train,Figaro-1k/Original/Training/Frame00003-org.jpg
4,lurus,train,Figaro-1k/Original/Training/Frame00004-org.jpg
5,lurus,train,Figaro-1k/Original/Training/Frame00005-org.jpg
6,lurus,train,Figaro-1k/Original/Training/Frame00006-org.jpg
7,lurus,train,Figaro-1k/Original/Training/Frame00007-org.jpg
8,lurus,train,Figaro-1k/Original/Training/Frame00008-org.jpg
9,lurus,train,Figaro-1k/Original/Training/Frame00009-org.jpg
10,lurus,train,Figaro-1k/Original/Testing/Frame00010-org.jpg
11,lurus,train,Figaro-1k/Original/Training/Frame00011-org.jpg
12,lurus,train,Figaro-1k/Original/Training/Frame00012-org.jpg
13,lurus,train,Figaro-1k/Original/Testing/Frame00013-org.jpg
14,lurus,train,Figaro-1k/Original/Training/Frame00014-org.jpg
15,lurus,train,Figaro-1k/Original/Training/Frame00015-org.jpg
16,lurus,train,Figaro-1k/Original/Training/Frame00016-org.jpg
17,lurus,train,Figaro-1k/Original/Training/Frame00017-org.jpg
18,lurus,train,Figaro-1k/Original/Testing/Frame00018-org.jpg
19,lurus,train,Figaro-1k/Original/Training/Frame00019-org.jpg
20,lurus,train,Figaro-1k/Original/Training/Frame00020-org.jpg
21,lurus,train,Figaro-1k/Original/Training/Frame00021-org.jpg
22,lurus,train,Figaro-1k/Original/Training/Frame00022-org.jpg
23,lurus,train,Figaro-1k/Original/Training/Frame00023-org.jpg
24,lurus,train,Figaro-1k/Original/Testing/Frame00024-org.jpg
25,lurus,train,Figaro-1k/Original/Training/Frame00025-org.jpg
26,lurus,train,Figaro-1k/Original/Training/Frame00026-org.jpg
27,lurus,train,Figaro-1k/Original/Training/Frame00027-org.jpg
28,lurus,train,Figaro-1k/Original/Training/Frame00028-org.jpg
29,lurus,train,Figaro-1k/Original/Training/Frame00029-org.jpg
30,lurus,train,Figaro-1k/Original/Testing/Frame00030-org.jpg
31,lurus,train,Figaro-1k/Original/Training/Frame00031-org.jpg
32,lurus,train,Figaro-1k/Original/Testing/Frame00032-org.jpg
33,lurus,train,Figaro-1k/Original/Training/Frame00033-org.jpg
34,lurus,train,Figaro-1k/Original/Training/Frame00034-org.jpg
35,lurus,train,Figaro-1k/Original/Training/Frame00035-org.jpg
36,lurus,train,Figaro-1k/Original/Training/Frame00036-org.jpg
37,lurus,train,Figaro-1k/Original/Training/Frame00037-org.jpg
38,lurus,train,Figaro-1k/Original/Training/Frame00038-org.jpg
39,lurus,train,Figaro-1k/Original/Training/Frame00039-org.jpg
40,lurus,train,Figaro-1k/Original/Training/Frame00040-org.jpg
41,lurus,train,Figaro-1k/Original/Training/Frame00041-org.jpg
42,lurus,train,Figaro-1k/Original/Training/Frame00042-org.jpg
43,lurus,train,Figaro-1k/Original/Training/Frame00043-org.jpg
44,lurus,train,Figaro-1k/Original/Training/Frame00044-org.jpg
45,lurus,train,Figaro-1k/Original/Training/Frame00045-org.jpg
46,lurus,train,Figaro-1k/Original/Training/Frame00046-org.jpg
47,lurus,train,Figaro-1k/Original/Training/Frame00047-org.jpg
48,lurus,train,Figaro-1k/Original/Testing/Frame00048-org.jpg
49,lurus,train,Figaro-1k/Original/Training/Frame00049-org.jpg
50,lurus,train,Figaro-1k/Original/Testing/Frame00050-org.jpg
51,lurus,train,Figaro-1k/Original/Training/Frame00051-org.jpg
52,lurus,train,Figaro-1k/Original/Testing/Frame00052-org.jpg
53,lurus,train,Figaro-1k/Original/Training/Frame00053-org.jpg
54,lurus,train,Figaro-1k/Original/Training/Frame00054-org.jpg
55,lurus,train,Figaro-1k/Original/Training/Frame00055-org.jpg
56,lurus,train,Figaro-1k/Original/Training/Frame00056-org.jpg
57,lurus,train,Figaro-1k/Original/Training/Frame00057-org.jpg
58,lurus,train,Figaro-1k/Original/Training/Frame00058-org.jpg
59,lurus,train,Figaro-1k/Original/Training/Frame00059-org.jpg
60,lurus,train,Figaro-1k/Original/Testing/Frame00060-org.jpg
61,lurus,train,Figaro-1k/Original/Training/Frame00061-org.jpg
62,lurus,train,Figaro-1k/Original/Training/Frame00062-org.jpg
63,lurus,train,Figaro-1k/Original/Testing/Frame00063-org.jpg
64,lurus,train,Figaro-1k/Original/Testing/Frame00064-org.jpg
65,lurus,train,Figaro-1k/Original/Training/Frame00065-org.jpg
66,lurus,train,Figaro-1k/Original/Training/Frame00066-org.jpg
67,lurus,train,Figaro-1k/Original/Training/Frame00067-org.jpg
68,lurus,train,Figaro-1k/Original/Training/Frame00068-org.jpg
69,lurus,train,Figaro-1k/Original/Testing/Frame00069-org.jpg
70,lurus,train,Figaro-1k/Original/Training/Frame00070-org.jpg
71,lurus,train,Figaro-1k/Original/Training/Frame00071-org.jpg
72,lurus,train,Figaro-1k/Original/Training/Frame00072-org.jpg
73,lurus,train,Figaro-1k/Original/Training/Frame00073-org.jpg
74,lurus,train,Figaro-1k/Original/Training/Frame00074-org.jpg
75,lurus,train,Figaro-1k/Original/Training/Frame00075-org.jpg
76,lurus,train,Figaro-1k/Original/Training/Frame00076-org.jpg
77,lurus,train,Figaro-1k/Original/Training/Frame00077-org.jpg
78,lurus,train,Figaro-1k/Original/Training/Frame00078-org.jpg
79,lurus,train,Figaro-1k/Original/Testing/Frame00079-org.jpg
80,lurus,train,Figaro-1k/Original/Training/Frame00080-org.jpg
81,lurus,train,Figaro-1k/Original/Training/Frame00081-org.jpg
82,lurus,train,Figaro-1k/Original/Training/Frame00082-org.jpg
83,lurus,train,Figaro-1k/Original/Training/Frame00083-org.jpg
84,lurus,train,Figaro-1k/Original/Testing/Frame00084-org.jpg
85,lurus,train,Figaro-1k/Original/Training/Frame00085-org.jpg
86,lurus,train,Figaro-1k/Original/Training/Frame00086-org.jpg
87,lurus,train,Figaro-1k/Original/Training/Frame00087-org.jpg
88,lurus,train,Figaro-1k/Original/Training/Frame00088-org.jpg
89,lurus,train,Figaro-1k/Original/Testing/Frame00089-org.jpg
90,lurus,train,Figaro-1k/Original/Testing/Frame00090-org.jpg
91,lurus,train,Figaro-1k/Original/Training/Frame00091-org.jpg
92,lurus,train,Figaro-1k/Original/Training/Frame00092-org.jpg
93,lurus,train,Figaro-1k/Original/Training/Frame00093-org.jpg
94,lurus,train,Figaro-1k/Original/Training/Frame00094-org.jpg
95,lurus,train,Figaro-1k/Original/Training/Frame00095-org.jpg
96,lurus,train,Figaro-1k/Original/Testing/Frame00096-org.jpg
97,lurus,train,Figaro-1k/Original/Training/Frame00097-org.jpg
98,lurus,train,Figaro-1k/Original/Testing/Frame00098-org.jpg
99,lurus,train,Figaro-1k/Original/Training/Frame00099-org.jpg
100,lurus,train,Figaro-1k/Original/Training/Frame00100-org.jpg
101,lurus,train,Figaro-1k/Original/Training/Frame00101-org.jpg
102,lurus,train,Figaro-1k/Original/Testing/Frame00102-org.jpg
103,lurus,train,Figaro-1k/Original/Training/Frame00103-org.jpg
104,lurus,train,Figaro-1k/Original/Training/Frame00104-org.jpg
105,lurus,train,Figaro-1k/Original/Testing/Frame00105-org.jpg
106,lurus,train,Figaro-1k/Original/Training/Frame00106-org.jpg
107,lurus,train,Figaro-1k/Original/Training/Frame00107-org.jpg
108,lurus,train,Figaro-1k/Original/Training/Frame00108-org.jpg
109,lurus,train,Figaro-1k/Original/Training/Frame00109-org.jpg
110,lurus,train,Figaro-1k/Original/Training/Frame00110-org.jpg
111,lurus,train,Figaro-1k/Original/Training/Frame00111-org.jpg
112,lurus,train,Figaro-1k/Original/Testing/Frame00112-org.jpg
113,lurus,train,Figaro-1k/Original/Testing/Frame00113-org.jpg
114,lurus,train,Figaro-1k/Original/Testing/Frame00114-org.jpg
115,lurus,train,Figaro-1k/Original/Testing/Frame00115-org.jpg
116,lurus,train,Figaro-1k/Original/Training/Frame00116-org.jpg
117,lurus,train,Figaro-1k/Original/Training/Frame00117-org.jpg
118,lurus,train,Figaro-1k/Original/Training/Frame00118-org.jpg
119,lurus,train,Figaro-1k/Original/Training/Frame00119-org.jpg
120,lurus,train,Figaro-1k/Original/Training/Frame00120-org.jpg
121,lurus,val,Figaro-1k/Original/Training/Frame00121-org.jpg
122,lurus,val,Figaro-1k/Original/Training/Frame00122-org.jpg
123,lurus,val,Figaro-1k/Original/Training/Frame00123-org.jpg
124,lurus,val,Figaro-1k/Original/Training/Frame00124-org.jpg
125,lurus,val,Figaro-1k/Original/Training/Frame00125-org.jpg
126,lurus,val,Figaro-1k/Original/Training/Frame00126-org.jpg
127,lurus,val,Figaro-1k/Original/Training/Frame00127-org.jpg
128,lurus,val,Figaro-1k/Original/Testing/Frame00128-org.jpg
129,lurus,val,Figaro-1k/Original/Testing/Frame00129-org.jpg
130,lurus,val,Figaro-1k/Original/Training/Frame00130-org.jpg
131,lurus,val,Figaro-1k/Original/Training/Frame00131-org.jpg
132,lurus,val,Figaro-1k/Original/Training/Frame00132-org.jpg
133,lurus,val,Figaro-1k/Original/Training/Frame00133-org.jpg
134,lurus,val,Figaro-1k/Original/Testing/Frame00134-org.jpg
135,lurus,val,Figaro-1k/Original/Testing/Frame00135-org.jpg
136,lurus,val,Figaro-1k/Original/Training/Frame00136-org.jpg
137,lurus,val,Figaro-1k/Original/Training/Frame00137-org.jpg
138,lurus,val,Figaro-1k/Original/Testing/Frame00138-org.jpg
139,lurus,val,Figaro-1k/Original/Training/Frame00139-org.jpg
140,lurus,val,Figaro-1k/Original/Training/Frame00140-org.jpg
141,lurus,val,Figaro-1k/Original/Training/Frame00141-org.jpg
142,lurus,val,Figaro-1k/Original/Training/Frame00142-org.jpg
143,lurus,val,Figaro-1k/Original/Training/Frame00143-org.jpg
144,lurus,val,Figaro-1k/Original/Training/Frame00144-org.jpg
145,lurus,val,Figaro-1k/Original/Training/Frame00145-org.jpg
146,lurus,val,Figaro-1k/Original/Training/Frame00146-org.jpg
147,lurus,val,Figaro-1k/Original/Training/Frame00147-org.jpg
148,lurus,val,Figaro-1k/Original/Training/Frame00148-org.jpg
149,lurus,val,Figaro-1k/Original/Training/Frame00149-org.jpg
150,lurus,val,Figaro-1k/Original/Training/Frame00150-org.jpg
151,bergelombang,train,Figaro-1k/Original/Testing/Frame00151-org.jpg
152,bergelombang,train,Figaro-1k/Original/Training/Frame00152-org.jpg
153,bergelombang,train,Figaro-1k/Original/Testing/Frame00153-org.jpg
154,bergelombang,train,Figaro-1k/Original/Testing/Frame00154-org.jpg
155,bergelombang,train,Figaro-1k/Original/Training/Frame00155-org.jpg
156,bergelombang,train,Figaro-1k/Original/Training/Frame00156-org.jpg
157,bergelombang,train,Figaro-1k/Original/Training/Frame00157-org.jpg
158,bergelombang,train,Figaro-1k/Original/Training/Frame00158-org.jpg
159,bergelombang,train,Figaro-1k/Original/Training/Frame00159-org.jpg
160,bergelombang,train,Figaro-1k/Original/Training/Frame00160-org.jpg
161,bergelombang,train,Figaro-1k/Original/Training/Frame00161-org.jpg
162,bergelombang,train,Figaro-1k/Original/Training/Frame00162-org.jpg
163,bergelombang,train,Figaro-1k/Original/Training/Frame00163-org.jpg
164,bergelombang,train,Figaro-1k/Original/Testing/Frame00164-org.jpg
165,bergelombang,train,Figaro-1k/Original/Testing/Frame00165-org.jpg
166,bergelombang,train,Figaro-1k/Original/Training/Frame00166-org.jpg
167,bergelombang,train,Figaro-1k/Original/Training/Frame00167-org.jpg
168,bergelombang,train,Figaro-1k/Original/Testing/Frame00168-org.jpg
169,bergelombang,train,Figaro-1k/Original/Training/Frame00169-org.jpg
170,bergelombang,train,Figaro-1k/Original/Training/Frame00170-org.jpg
171,bergelombang,train,Figaro-1k/Original/Training/Frame00171-org.jpg
172,bergelombang,train,Figaro-1k/Original/Testing/Frame00172-org.jpg
173,bergelombang,train,Figaro-1k/Original/Training/Frame00173-org.jpg
174,bergelombang,train,Figaro-1k/Original/Training/Frame00174-org.jpg
175,bergelombang,train,Figaro-1k/Original/Training/Frame00175-org.jpg
176,bergelombang,train,Figaro-1k/Original/Training/Frame00176-org.jpg
177,bergelombang,train,Figaro-1k/Original/Training/Frame00177-org.jpg
178,bergelombang,train,Figaro-1k/Original/Testing/Frame00178-org.jpg
179,bergelombang,train,Figaro-1k/Original/Training/Frame00179-org.jpg
180,bergelombang,train,Figaro-1k/Original/Training/Frame00180-org.jpg
181,bergelombang,train,Figaro-1k/Original/Training/Frame00181-org.jpg
182,bergelombang,train,Figaro-1k/Original/Testing/Frame00182-org.jpg
183,bergelombang,train,Figaro-1k/Original/Training/Frame00183-org.jpg
184,bergelombang,train,Figaro-1k/Original/Training/Frame00184-org.jpg
185,bergelombang,train,Figaro-1k/Original/Training/Frame00185-org.jpg
186,bergelombang,train,Figaro-1k/Original/Testing/Frame00186-org.jpg
187,bergelombang,train,Figaro-1k/Original/Testing/Frame00187-org.jpg
188,bergelombang,train,Figaro-1k/Original/Training/Frame00188-org.jpg
189,bergelombang,train,Figaro-1k/Original/Training/Frame00189-org.jpg
190,bergelombang,train,Figaro-1k/Original/Training/Frame00190-org.jpg
191,bergelombang,train,Figaro-1k/Original/Training/Frame00191-org.jpg
192,bergelombang,train,Figaro-1k/Original/Training/Frame00192-org.jpg
193,bergelombang,train,Figaro-1k/Original/Training/Frame00193-org.jpg
194,bergelombang,train,Figaro-1k/Original/Training/Frame00194-org.jpg
195,bergelombang,train,Figaro-1k/Original/Training/Frame00195-org.jpg
196,bergelombang,train,Figaro-1k/Original/Training/Frame00196-org.jpg
197,bergelombang,train,Figaro-1k/Original/Training/Frame00197-org.jpg
198,bergelombang,train,Figaro-1k/Original/Training/Frame00198-org.jpg
199,bergelombang,train,Figaro-1k/Original/Training/Frame00199-org.jpg
200,bergelombang,train,Figaro-1k/Original/Training/Frame00200-org.jpg
201,bergelombang,train,Figaro-1k/Original/Training/Frame00201-org.jpg
202,bergelombang,train,Figaro-1k/Original/Testing/Frame00202-org.jpg
203,bergelombang,train,Figaro-1k/Original/Testing/Frame00203-org.jpg
204,bergelombang,train,Figaro-1k/Original/Training/Frame00204-org.jpg
205,bergelombang,train,Figaro-1k/Original/Training/Frame00205-org.jpg
206,bergelombang,train,Figaro-1k/Original/Training/Frame00206-org.jpg
207,bergelombang,train,Figaro-1k/Original/Testing/Frame00207-org.jpg
208,bergelombang,train,Figaro-1k/Original/Training/Frame00208-org.jpg
209,bergelombang,train,Figaro-1k/Original/Training/Frame00209-org.jpg
210,bergelombang,train,Figaro-1k/Original/Training/Frame00210-org.jpg
211,bergelombang,train,Figaro-1k/Original/Training/Frame00211-org.jpg
212,bergelombang,train,Figaro-1k/Original/Training/Frame00212-org.jpg
213,bergelombang,train,Figaro-1k/Original/Training/Frame00213-org.jpg
214,bergelombang,train,Figaro-1k/Original/Training/Frame00214-org.jpg
215,bergelombang,train,Figaro-1k/Original/Training/Frame00215-org.jpg
216,bergelombang,train,Figaro-1k/Original/Testing/Frame00216-org.jpg
217,bergelombang,train,Figaro-1k/Original/Training/Frame00217-org.jpg
218,bergelombang,train,Figaro-1k/Original/Training/Frame00218-org.jpg
219,bergelombang,train,Figaro-1k/Original/Training/Frame00219-org.jpg
220,bergelombang,train,Figaro-1k/Original/Training/Frame00220-org.jpg
221,bergelombang,train,Figaro-1k/Original/Training/Frame00221-org.jpg
222,bergelombang,train,Figaro-1k/Original/Training/Frame00222-org.jpg
223,bergelombang,train,Figaro-1k/Original/Training/Frame00223-org.jpg
224,bergelombang,train,Figaro-1k/Original/Training/Frame00224-org.jpg
225,bergelombang,train,Figaro-1k/Original/Training/Frame00225-org.jpg
226,bergelombang,train,Figaro-1k/Original/Training/Frame00226-org.jpg
227,bergelombang,train,Figaro-1k/Original/Training/Frame00227-org.jpg
228,bergelombang,train,Figaro-1k/Original/Training/Frame00228-org.jpg
229,bergelombang,train,Figaro-1k/Original/Training/Frame00229-org.jpg
230,bergelombang,train,Figaro-1k/Original/Training/Frame00230-org.jpg
231,bergelombang,train,Figaro-1k/Original/Training/Frame00231-org.jpg
232,bergelombang,train,Figaro-1k/Original/Testing/Frame00232-org.jpg
233,bergelombang,train,Figaro-1k/Original/Training/Frame00233-org.jpg
234,bergelombang,train,Figaro-1k/Original/Training/Frame00234-org.jpg
235,bergelombang,train,Figaro-1k/Original/Training/Frame00235-org.jpg
236,bergelombang,train,Figaro-1k/Original/Training/Frame00236-org.jpg
237,bergelombang,train,Figaro-1k/Original/Training/Frame00237-org.jpg
238,bergelombang,train,Figaro-1k/Original/Testing/Frame00238-org.jpg
239,bergelombang,train,Figaro-1k/Original/Training/Frame00239-org.jpg
240,bergelombang,train,Figaro-1k/Original/Training/Frame00240-org.jpg
241,bergelombang,train,Figaro-1k/Original/Training/Frame00241-org.jpg
242,bergelombang,train,Figaro-1k/Original/Training/Frame00242-org.jpg
243,bergelombang,train,Figaro-1k/Original/Training/Frame00243-org.jpg
244,bergelombang,train,Figaro-1k/Original/Training/Frame00244-org.jpg
245,bergelombang,train,Figaro-1k/Original/Training/Frame00245-org.jpg
246,bergelombang,train,Figaro-1k/Original/Testing/Frame00246-org.jpg
247,bergelombang,train,Figaro-1k/Original/Testing/Frame00247-org.jpg
248,bergelombang,train,Figaro-1k/Original/Training/Frame00248-org.jpg
249,bergelombang,train,Figaro-1k/Original/Training/Frame00249-org.jpg
250,bergelombang,train,Figaro-1k/Original/Training/Frame00250-org.jpg
251,bergelombang,train,Figaro-1k/Original/Testing/Frame00251-org.jpg
252,bergelombang,train,Figaro-1k/Original/Testing/Frame00252-org.jpg
253,bergelombang,train,Figaro-1k/Original/Training/Frame00253-org.jpg
254,bergelombang,train,Figaro-1k/Original/Training/Frame00254-org.jpg
255,bergelombang,train,Figaro-1k/Original/Training/Frame00255-org.jpg
256,bergelombang,train,Figaro-1k/Original/Training/Frame00256-org.jpg
257,bergelombang,train,Figaro-1k/Original/Training/Frame00257-org.jpg
258,bergelombang,train,Figaro-1k/Original/Training/Frame00258-org.jpg
259,bergelombang,train,Figaro-1k/Original/Testing/Frame00259-org.jpg
260,bergelombang,train,Figaro-1k/Original/Training/Frame00260-org.jpg
261,bergelombang,train,Figaro-1k/Original/Training/Frame00261-org.jpg
262,bergelombang,train,Figaro-1k/Original/Testing/Frame00262-org.jpg
263,bergelombang,train,Figaro-1k/Original/Testing/Frame00263-org.jpg
264,bergelombang,train,Figaro-1k/Original/Training/Frame00264-org.jpg
265,bergelombang,train,Figaro-1k/Original/Testing/Frame00265-org.jpg
266,bergelombang,train,Figaro-1k/Original/Training/Frame00266-org.jpg
267,bergelombang,train,Figaro-1k/Original/Testing/Frame00267-org.jpg
268,bergelombang,train,Figaro-1k/Original/Training/Frame00268-org.jpg
269,bergelombang,train,Figaro-1k/Original/Training/Frame00269-org.jpg
270,bergelombang,train,Figaro-1k/Original/Training/Frame00270-org.jpg
271,bergelombang,val,Figaro-1k/Original/Training/Frame00271-org.jpg
272,bergelombang,val,Figaro-1k/Original/Training/Frame00272-org.jpg
273,bergelombang,val,Figaro-1k/Original/Training/Frame00273-org.jpg
274,bergelombang,val,Figaro-1k/Original/Training/Frame00274-org.jpg
275,bergelombang,val,Figaro-1k/Original/Training/Frame00275-org.jpg
276,bergelombang,val,Figaro-1k/Original/Training/Frame00276-org.jpg
277,bergelombang,val,Figaro-1k/Original/Training/Frame00277-org.jpg
278,bergelombang,val,Figaro-1k/Original/Training/Frame00278-org.jpg
279,bergelombang,val,Figaro-1k/Original/Training/Frame00279-org.jpg
280,bergelombang,val,Figaro-1k/Original/Training/Frame00280-org.jpg
281,bergelombang,val,Figaro-1k/Original/Testing/Frame00281-org.jpg
282,bergelombang,val,Figaro-1k/Original/Testing/Frame00282-org.jpg
283,bergelombang,val,Figaro-1k/Original/Training/Frame00283-org.jpg
284,bergelombang,val,Figaro-1k/Original/Training/Frame00284-org.jpg
285,bergelombang,val,Figaro-1k/Original/Testing/Frame00285-org.jpg
286,bergelombang,val,Figaro-1k/Original/Training/Frame00286-org.jpg
287,bergelombang,val,Figaro-1k/Original/Training/Frame00287-org.jpg
288,bergelombang,val,Figaro-1k/Original/Training/Frame00288-org.jpg
289,bergelombang,val,Figaro-1k/Original/Training/Frame00289-org.jpg
290,bergelombang,val,Figaro-1k/Original/Training/Frame00290-org.jpg
291,bergelombang,val,Figaro-1k/Original/Training/Frame00291-org.jpg
292,bergelombang,val,Figaro-1k/Original/Training/Frame00292-org.jpg
293,bergelombang,val,Figaro-1k/Original/Testing/Frame00293-org.jpg
294,bergelombang,val,Figaro-1k/Original/Training/Frame00294-org.jpg
295,bergelombang,val,Figaro-1k/Original/Training/Frame00295-org.jpg
296,bergelombang,val,Figaro-1k/Original/Training/Frame00296-org.jpg
297,bergelombang,val,Figaro-1k/Original/Training/Frame00297-org.jpg
298,bergelombang,val,Figaro-1k/Original/Training/Frame00298-org.jpg
299,bergelombang,val,Figaro-1k/Original/Training/Frame00299-org.jpg
300,bergelombang,val,Figaro-1k/Original/Training/Frame00300-org.jpg
301,keriting,train,Figaro-1k/Original/Training/Frame00301-org.jpg
302,keriting,train,Figaro-1k/Original/Training/Frame00302-org.jpg
303,keriting,train,Figaro-1k/Original/Testing/Frame00303-org.jpg
304,keriting,train,Figaro-1k/Original/Training/Frame00304-org.jpg
305,keriting,train,Figaro-1k/Original/Training/Frame00305-org.jpg
306,keriting,train,Figaro-1k/Original/Training/Frame00306-org.jpg
307,keriting,train,Figaro-1k/Original/Training/Frame00307-org.jpg
308,keriting,train,Figaro-1k/Original/Testing/Frame00308-org.jpg
309,keriting,train,Figaro-1k/Original/Training/Frame00309-org.jpg
310,keriting,train,Figaro-1k/Original/Training/Frame00310-org.jpg
311,keriting,train,Figaro-1k/Original/Training/Frame00311-org.jpg
312,keriting,train,Figaro-1k/Original/Training/Frame00312-org.jpg
313,keriting,train,Figaro-1k/Original/Training/Frame00313-org.jpg
314,keriting,train,Figaro-1k/Original/Testing/Frame00314-org.jpg
315,keriting,train,Figaro-1k/Original/Training/Frame00315-org.jpg
316,keriting,train,Figaro-1k/Original/Training/Frame00316-org.jpg
317,keriting,train,Figaro-1k/Original/Training/Frame00317-org.jpg
318,keriting,train,Figaro-1k/Original/Training/Frame00318-org.jpg
319,keriting,train,Figaro-1k/Original/Testing/Frame00319-org.jpg
320,keriting,train,Figaro-1k/Original/Training/Frame00320-org.jpg
321,keriting,train,Figaro-1k/Original/Testing/Frame00321-org.jpg
322,keriting,train,Figaro-1k/Original/Training/Frame00322-org.jpg
323,keriting,train,Figaro-1k/Original/Training/Frame00323-org.jpg
324,keriting,train,Figaro-1k/Original/Training/Frame00324-org.jpg
325,keriting,train,Figaro-1k/Original/Training/Frame00325-org.jpg
326,keriting,train,Figaro-1k/Original/Training/Frame00326-org.jpg
327,keriting,train,Figaro-1k/Original/Training/Frame00327-org.jpg
328,keriting,train,Figaro-1k/Original/Testing/Frame00328-org.jpg
329,keriting,train,Figaro-1k/Original/Training/Frame00329-org.jpg
330,keriting,train,Figaro-1k/Original/Training/Frame00330-org.jpg
331,keriting,train,Figaro-1k/Original/Training/Frame00331-org.jpg
332,keriting,train,Figaro-1k/Original/Training/Frame00332-org.jpg
333,keriting,train,Figaro-1k/Original/Testing/Frame00333-org.jpg
334,keriting,train,Figaro-1k/Original/Training/Frame00334-org.jpg
335,keriting,train,Figaro-1k/Original/Training/Frame00335-org.jpg
336,keriting,train,Figaro-1k/Original/Training/Frame00336-org.jpg
337,keriting,train,Figaro-1k/Original/Training/Frame00337-org.jpg
338,keriting,train,Figaro-1k/Original/Training/Frame00338-org.jpg
339,keriting,train,Figaro-1k/Original/Training/Frame00339-org.jpg
340,keriting,train,Figaro-1k/Original/Training/Frame00340-org.jpg
341,keriting,train,Figaro-1k/Original/Training/Frame00341-org.jpg
342,keriting,train,Figaro-1k/Original/Training/Frame00342-org.jpg
343,keriting,train,Figaro-1k/Original/Training/Frame00343-org.jpg
344,keriting,train,Figaro-1k/Original/Training/Frame00344-org.jpg
345,keriting,train,Figaro-1k/Original/Training/Frame00345-org.jpg
346,keriting,train,Figaro-1k/Original/Training/Frame00346-org.jpg
347,keriting,train,Figaro-1k/Original/Testing/Frame00347-org.jpg
348,keriting,train,Figaro-1k/Original/Training/Frame00348-org.jpg
349,keriting,train,Figaro-1k/Original/Training/Frame00349-org.jpg
350,keriting,train,Figaro-1k/Original/Training/Frame00350-org.jpg
351,keriting,train,Figaro-1k/Original/Training/Frame00351-org.jpg
352,keriting,train,Figaro-1k/Original/Training/Frame00352-org.jpg
353,keriting,train,Figaro-1k/Original/Testing/Frame00353-org.jpg
354,keriting,train,Figaro-1k/Original/Training/Frame00354-org.jpg
355,keriting,train,Figaro-1k/Original/Training/Frame00355-org.jpg
356,keriting,train,Figaro-1k/Original/Training/Frame00356-org.jpg
357,keriting,train,Figaro-1k/Original/Training/Frame00357-org.jpg
358,keriting,train,Figaro-1k/Original/Testing/Frame00358-org.jpg
359,keriting,train,Figaro-1k/Original/Training/Frame00359-org.jpg
360,keriting,train,Figaro-1k/Original/Training/Frame00360-org.jpg
361,keriting,train,Figaro-1k/Original/Testing/Frame00361-org.jpg
362,keriting,train,Figaro-1k/Original/Training/Frame00362-org.jpg
363,keriting,train,Figaro-1k/Original/Testing/Frame00363-org.jpg
364,keriting,train,Figaro-1k/Original/Training/Frame00364-org.jpg
365,keriting,train,Figaro-1k/Original/Testing/Frame00365-org.jpg
366,keriting,train,Figaro-1k/Original/Training/Frame00366-org.jpg
367,keriting,train,Figaro-1k/Original/Testing/Frame00367-org.jpg
368,keriting,train,Figaro-1k/Original/Training/Frame00368-org.jpg
369,keriting,train,Figaro-1k/Original/Training/Frame00369-org.jpg
370,keriting,train,Figaro-1k/Original/Training/Frame00370-org.jpg
371,keriting,train,Figaro-1k/Original/Training/Frame00371-org.jpg
372,keriting,train,Figaro-1k/Original/Training/Frame00372-org.jpg
373,keriting,train,Figaro-1k/Original/Testing/Frame00373-org.jpg
374,keriting,train,Figaro-1k/Original/Testing/Frame00374-org.jpg
375,keriting,train,Figaro-1k/Original/Training/Frame00375-org.jpg
376,keriting,train,Figaro-1k/Original/Training/Frame00376-org.jpg
377,keriting,train,Figaro-1k/Original/Training/Frame00377-org.jpg
378,keriting,train,Figaro-1k/Original/Training/Frame00378-org.jpg
379,keriting,train,Figaro-1k/Original/Training/Frame00379-org.jpg
380,keriting,train,Figaro-1k/Original/Training/Frame00380-org.jpg
381,keriting,train,Figaro-1k/Original/Testing/Frame00381-org.jpg
382,keriting,train,Figaro-1k/Original/Training/Frame00382-org.jpg
383,keriting,train,Figaro-1k/Original/Training/Frame00383-org.jpg
384,keriting,train,Figaro-1k/Original/Training/Frame00384-org.jpg
385,keriting,train,Figaro-1k/Original/Training/Frame00385-org.jpg
386,keriting,train,Figaro-1k/Original/Training/Frame00386-org.jpg
387,keriting,train,Figaro-1k/Original/Testing/Frame00387-org.jpg
388,keriting,train,Figaro-1k/Original/Training/Frame00388-org.jpg
389,keriting,train,Figaro-1k/Original/Training/Frame00389-org.jpg
390,keriting,train,Figaro-1k/Original/Training/Frame00390-org.jpg
391,keriting,train,Figaro-1k/Original/Testing/Frame00391-org.jpg
392,keriting,train,Figaro-1k/Original/Training/Frame00392-org.jpg
393,keriting,train,Figaro-1k/Original/Training/Frame00393-org.jpg
394,keriting,train,Figaro-1k/Original/Training/Frame00394-org.jpg
395,keriting,train,Figaro-1k/Original/Training/Frame00395-org.jpg
396,keriting,train,Figaro-1k/Original/Training/Frame00396-org.jpg
397,keriting,train,Figaro-1k/Original/Training/Frame00397-org.jpg
398,keriting,train,Figaro-1k/Original/Training/Frame00398-org.jpg
399,keriting,train,Figaro-1k/Original/Training/Frame00399-org.jpg
400,keriting,train,Figaro-1k/Original/Training/Frame00400-org.jpg
401,keriting,train,Figaro-1k/Original/Testing/Frame00401-org.jpg
402,keriting,train,Figaro-1k/Original/Training/Frame00402-org.jpg
403,keriting,train,Figaro-1k/Original/Training/Frame00403-org.jpg
404,keriting,train,Figaro-1k/Original/Testing/Frame00404-org.jpg
405,keriting,train,Figaro-1k/Original/Training/Frame00405-org.jpg
406,keriting,train,Figaro-1k/Original/Training/Frame00406-org.jpg
407,keriting,train,Figaro-1k/Original/Training/Frame00407-org.jpg
408,keriting,train,Figaro-1k/Original/Testing/Frame00408-org.jpg
409,keriting,train,Figaro-1k/Original/Testing/Frame00409-org.jpg
410,keriting,train,Figaro-1k/Original/Training/Frame00410-org.jpg
411,keriting,train,Figaro-1k/Original/Training/Frame00411-org.jpg
412,keriting,train,Figaro-1k/Original/Training/Frame00412-org.jpg
413,keriting,train,Figaro-1k/Original/Training/Frame00413-org.jpg
414,keriting,train,Figaro-1k/Original/Training/Frame00414-org.jpg
415,keriting,train,Figaro-1k/Original/Training/Frame00415-org.jpg
416,keriting,train,Figaro-1k/Original/Testing/Frame00416-org.jpg
417,keriting,train,Figaro-1k/Original/Training/Frame00417-org.jpg
418,keriting,train,Figaro-1k/Original/Training/Frame00418-org.jpg
419,keriting,train,Figaro-1k/Original/Training/Frame00419-org.jpg
420,keriting,train,Figaro-1k/Original/Training/Frame00420-org.jpg
421,keriting,val,Figaro-1k/Original/Training/Frame00421-org.jpg
422,keriting,val,Figaro-1k/Original/Training/Frame00422-org.jpg
423,keriting,val,Figaro-1k/Original/Training/Frame00423-org.jpg
424,keriting,val,Figaro-1k/Original/Training/Frame00424-org.jpg
425,keriting,val,Figaro-1k/Original/Training/Frame00425-org.jpg
426,keriting,val,Figaro-1k/Original/Training/Frame00426-org.jpg
427,keriting,val,Figaro-1k/Original/Training/Frame00427-org.jpg
428,keriting,val,Figaro-1k/Original/Training/Frame00428-org.jpg
429,keriting,val,Figaro-1k/Original/Training/Frame00429-org.jpg
430,keriting,val,Figaro-1k/Original/Training/Frame00430-org.jpg
431,keriting,val,Figaro-1k/Original/Testing/Frame00431-org.jpg
432,keriting,val,Figaro-1k/Original/Testing/Frame00432-org.jpg
433,keriting,val,Figaro-1k/Original/Testing/Frame00433-org.jpg
434,keriting,val,Figaro-1k/Original/Training/Frame00434-org.jpg
435,keriting,val,Figaro-1k/Original/Testing/Frame00435-org.jpg
436,keriting,val,Figaro-1k/Original/Training/Frame00436-org.jpg
437,keriting,val,Figaro-1k/Original/Training/Frame00437-org.jpg
438,keriting,val,Figaro-1k/Original/Training/Frame00438-org.jpg
439,keriting,val,Figaro-1k/Original/Training/Frame00439-org.jpg
440,keriting,val,Figaro-1k/Original/Training/Frame00440-org.jpg
441,keriting,val,Figaro-1k/Original/Training/Frame00441-org.jpg
442,keriting,val,Figaro-1k/Original/Testing/Frame00442-org.jpg
443,keriting,val,Figaro-1k/Original/Training/Frame00443-org.jpg
444,keriting,val,Figaro-1k/Original/Training/Frame00444-org.jpg
445,keriting,val,Figaro-1k/Original/Training/Frame00445-org.jpg
446,keriting,val,Figaro-1k/Original/Training/Frame00446-org.jpg
447,keriting,val,Figaro-1k/Original/Training/Frame00447-org.jpg
448,keriting,val,Figaro-1k/Original/Training/Frame00448-org.jpg
449,keriting,val,Figaro-1k/Original/Training/Frame00449-org.jpg
450,keriting,val,Figaro-1k/Original/Testing/Frame00450-org.jpg
451,sangat-keriting,train,Figaro-1k/Original/Training/Frame00451-org.jpg
452,sangat-keriting,train,Figaro-1k/Original/Training/Frame00452-org.jpg
453,sangat-keriting,train,Figaro-1k/Original/Training/Frame00453-org.jpg
454,sangat-keriting,train,Figaro-1k/Original/Testing/Frame00454-org.jpg
455,sangat-keriting,train,Figaro-1k/Original/Training/Frame00455-org.jpg
456,sangat-keriting,train,Figaro-1k/Original/Training/Frame00456-org.jpg
457,sangat-keriting,train,Figaro-1k/Original/Testing/Frame00457-org.jpg
458,sangat-keriting,train,Figaro-1k/Original/Testing/Frame00458-org.jpg
459,sangat-keriting,train,Figaro-1k/Original/Testing/Frame00459-org.jpg
460,sangat-keriting,train,Figaro-1k/Original/Training/Frame00460-org.jpg
461,sangat-keriting,train,Figaro-1k/Original/Training/Frame00461-org.jpg
462,sangat-keriting,train,Figaro-1k/Original/Training/Frame00462-org.jpg
463,sangat-keriting,train,Figaro-1k/Original/Testing/Frame00463-org.jpg
464,sangat-keriting,train,Figaro-1k/Original/Training/Frame00464-org.jpg
465,sangat-keriting,train,Figaro-1k/Original/Training/Frame00465-org.jpg
466,sangat-keriting,train,Figaro-1k/Original/Training/Frame00466-org.jpg
467,sangat-keriting,train,Figaro-1k/Original/Training/Frame00467-org.jpg
468,sangat-keriting,train,Figaro-1k/Original/Training/Frame00468-org.jpg
469,sangat-keriting,train,Figaro-1k/Original/Testing/Frame00469-org.jpg
470,sangat-keriting,train,Figaro-1k/Original/Training/Frame00470-org.jpg
471,sangat-keriting,train,Figaro-1k/Original/Testing/Frame00471-org.jpg
472,sangat-keriting,train,Figaro-1k/Original/Training/Frame00472-org.jpg
473,sangat-keriting,train,Figaro-1k/Original/Training/Frame00473-org.jpg
474,sangat-keriting,train,Figaro-1k/Original/Training/Frame00474-org.jpg
475,sangat-keriting,train,Figaro-1k/Original/Training/Frame00475-org.jpg
476,sangat-keriting,train,Figaro-1k/Original/Training/Frame00476-org.jpg
477,sangat-keriting,train,Figaro-1k/Original/Training/Frame00477-org.jpg
478,sangat-keriting,train,Figaro-1k/Original/Training/Frame00478-org.jpg
479,sangat-keriting,train,Figaro-1k/Original/Training/Frame00479-org.jpg
480,sangat-keriting,train,Figaro-1k/Original/Training/Frame00480-org.jpg
481,sangat-keriting,train,Figaro-1k/Original/Training/Frame00481-org.jpg
482,sangat-keriting,train,Figaro-1k/Original/Training/Frame00482-org.jpg
483,sangat-keriting,train,Figaro-1k/Original/Testing/Frame00483-org.jpg
484,sangat-keriting,train,Figaro-1k/Original/Training/Frame00484-org.jpg
485,sangat-keriting,train,Figaro-1k/Original/Training/Frame00485-org.jpg
486,sangat-keriting,train,Figaro-1k/Original/Training/Frame00486-org.jpg
487,sangat-keriting,train,Figaro-1k/Original/Training/Frame00487-org.jpg
488,sangat-keriting,train,Figaro-1k/Original/Training/Frame00488-org.jpg
489,sangat-keriting,train,Figaro-1k/Original/Training/Frame00489-org.jpg
490,sangat-keriting,train,Figaro-1k/Original/Training/Frame00490-org.jpg
491,sangat-keriting,train,Figaro-1k/Original/Testing/Frame00491-org.jpg
492,sangat-keriting,train,Figaro-1k/Original/Training/Frame00492-org.jpg
493,sangat-keriting,train,Figaro-1k/Original/Training/Frame00493-org.jpg
494,sangat-keriting,train,Figaro-1k/Original/Training/Frame00494-org.jpg
495,sangat-keriting,train,Figaro-1k/Original/Training/Frame00495-org.jpg
496,sangat-keriting,train,Figaro-1k/Original/Training/Frame00496-org.jpg
497,sangat-keriting,train,Figaro-1k/Original/Training/Frame00497-org.jpg
498,sangat-keriting,train,Figaro-1k/Original/Testing/Frame00498-org.jpg
499,sangat-keriting,train,Figaro-1k/Original/Training/Frame00499-org.jpg
500,sangat-keriting,train,Figaro-1k/Original/Training/Frame00500-org.jpg
501,sangat-keriting,train,Figaro-1k/Original/Training/Frame00501-org.jpg
502,sangat-keriting,train,Figaro-1k/Original/Training/Frame00502-org.jpg
503,sangat-keriting,train,Figaro-1k/Original/Testing/Frame00503-org.jpg
504,sangat-keriting,train,Figaro-1k/Original/Training/Frame00504-org.jpg
505,sangat-keriting,train,Figaro-1k/Original/Training/Frame00505-org.jpg
506,sangat-keriting,train,Figaro-1k/Original/Training/Frame00506-org.jpg
507,sangat-keriting,train,Figaro-1k/Original/Training/Frame00507-org.jpg
508,sangat-keriting,train,Figaro-1k/Original/Training/Frame00508-org.jpg
509,sangat-keriting,train,Figaro-1k/Original/Training/Frame00509-org.jpg
510,sangat-keriting,train,Figaro-1k/Original/Training/Frame00510-org.jpg
511,sangat-keriting,train,Figaro-1k/Original/Training/Frame00511-org.jpg
512,sangat-keriting,train,Figaro-1k/Original/Testing/Frame00512-org.jpg
513,sangat-keriting,train,Figaro-1k/Original/Training/Frame00513-org.jpg
514,sangat-keriting,train,Figaro-1k/Original/Training/Frame00514-org.jpg
515,sangat-keriting,train,Figaro-1k/Original/Training/Frame00515-org.jpg
516,sangat-keriting,train,Figaro-1k/Original/Training/Frame00516-org.jpg
517,sangat-keriting,train,Figaro-1k/Original/Training/Frame00517-org.jpg
518,sangat-keriting,train,Figaro-1k/Original/Testing/Frame00518-org.jpg
519,sangat-keriting,train,Figaro-1k/Original/Training/Frame00519-org.jpg
520,sangat-keriting,train,Figaro-1k/Original/Testing/Frame00520-org.jpg
521,sangat-keriting,train,Figaro-1k/Original/Training/Frame00521-org.jpg
522,sangat-keriting,train,Figaro-1k/Original/Training/Frame00522-org.jpg
523,sangat-keriting,train,Figaro-1k/Original/Testing/Frame00523-org.jpg
524,sangat-keriting,train,Figaro-1k/Original/Testing/Frame00524-org.jpg
525,sangat-keriting,train,Figaro-1k/Original/Training/Frame00525-org.jpg
526,sangat-keriting,train,Figaro-1k/Original/Testing/Frame00526-org.jpg
527,sangat-keriting,train,Figaro-1k/Original/Training/Frame00527-org.jpg
528,sangat-keriting,train,Figaro-1k/Original/Training/Frame00528-org.jpg
529,sangat-keriting,train,Figaro-1k/Original/Training/Frame00529-org.jpg
530,sangat-keriting,train,Figaro-1k/Original/Training/Frame00530-org.jpg
531,sangat-keriting,train,Figaro-1k/Original/Testing/Frame00531-org.jpg
532,sangat-keriting,train,Figaro-1k/Original/Training/Frame00532-org.jpg
533,sangat-keriting,train,Figaro-1k/Original/Training/Frame00533-org.jpg
534,sangat-keriting,train,Figaro-1k/Original/Testing/Frame00534-org.jpg
535,sangat-keriting,train,Figaro-1k/Original/Training/Frame00535-org.jpg
536,sangat-keriting,train,Figaro-1k/Original/Training/Frame00536-org.jpg
537,sangat-keriting,train,Figaro-1k/Original/Training/Frame00537-org.jpg
538,sangat-keriting,train,Figaro-1k/Original/Training/Frame00538-org.jpg
539,sangat-keriting,train,Figaro-1k/Original/Training/Frame00539-org.jpg
540,sangat-keriting,train,Figaro-1k/Original/Training/Frame00540-org.jpg
541,sangat-keriting,train,Figaro-1k/Original/Training/Frame00541-org.jpg
542,sangat-keriting,train,Figaro-1k/Original/Training/Frame00542-org.jpg
543,sangat-keriting,train,Figaro-1k/Original/Training/Frame00543-org.jpg
544,sangat-keriting,train,Figaro-1k/Original/Training/Frame00544-org.jpg
545,sangat-keriting,train,Figaro-1k/Original/Training/Frame00545-org.jpg
546,sangat-keriting,train,Figaro-1k/Original/Training/Frame00546-org.jpg
547,sangat-keriting,train,Figaro-1k/Original/Training/Frame00547-org.jpg
548,sangat-keriting,train,Figaro-1k/Original/Training/Frame00548-org.jpg
549,sangat-keriting,train,Figaro-1k/Original/Training/Frame00549-org.jpg
550,sangat-keriting,train,Figaro-1k/Original/Training/Frame00550-org.jpg
551,sangat-keriting,train,Figaro-1k/Original/Testing/Frame00551-org.jpg
552,sangat-keriting,train,Figaro-1k/Original/Training/Frame00552-org.jpg
553,sangat-keriting,train,Figaro-1k/Original/Training/Frame00553-org.jpg
554,sangat-keriting,train,Figaro-1k/Original/Training/Frame00554-org.jpg
555,sangat-keriting,train,Figaro-1k/Original/Training/Frame00555-org.jpg
556,sangat-keriting,train,Figaro-1k/Original/Training/Frame00556-org.jpg
557,sangat-keriting,train,Figaro-1k/Original/Training/Frame00557-org.jpg
558,sangat-keriting,train,Figaro-1k/Original/Testing/Frame00558-org.jpg
559,sangat-keriting,train,Figaro-1k/Original/Testing/Frame00559-org.jpg
560,sangat-keriting,train,Figaro-1k/Original/Training/Frame00560-org.jpg
561,sangat-keriting,train,Figaro-1k/Original/Training/Frame00561-org.jpg
562,sangat-keriting,train,Figaro-1k/Original/Training/Frame00562-org.jpg
563,sangat-keriting,train,Figaro-1k/Original/Testing/Frame00563-org.jpg
564,sangat-keriting,train,Figaro-1k/Original/Training/Frame00564-org.jpg
565,sangat-keriting,train,Figaro-1k/Original/Training/Frame00565-org.jpg
566,sangat-keriting,train,Figaro-1k/Original/Training/Frame00566-org.jpg
567,sangat-keriting,train,Figaro-1k/Original/Training/Frame00567-org.jpg
568,sangat-keriting,train,Figaro-1k/Original/Training/Frame00568-org.jpg
569,sangat-keriting,train,Figaro-1k/Original/Training/Frame00569-org.jpg
570,sangat-keriting,train,Figaro-1k/Original/Training/Frame00570-org.jpg
571,sangat-keriting,val,Figaro-1k/Original/Training/Frame00571-org.jpg
572,sangat-keriting,val,Figaro-1k/Original/Training/Frame00572-org.jpg
573,sangat-keriting,val,Figaro-1k/Original/Training/Frame00573-org.jpg
574,sangat-keriting,val,Figaro-1k/Original/Training/Frame00574-org.jpg
575,sangat-keriting,val,Figaro-1k/Original/Training/Frame00575-org.jpg
576,sangat-keriting,val,Figaro-1k/Original/Training/Frame00576-org.jpg
577,sangat-keriting,val,Figaro-1k/Original/Training/Frame00577-org.jpg
578,sangat-keriting,val,Figaro-1k/Original/Training/Frame00578-org.jpg
579,sangat-keriting,val,Figaro-1k/Original/Testing/Frame00579-org.jpg
580,sangat-keriting,val,Figaro-1k/Original/Training/Frame00580-org.jpg
581,sangat-keriting,val,Figaro-1k/Original/Training/Frame00581-org.jpg
582,sangat-keriting,val,Figaro-1k/Original/Training/Frame00582-org.jpg
583,sangat-keriting,val,Figaro-1k/Original/Testing/Frame00583-org.jpg
584,sangat-keriting,val,Figaro-1k/Original/Testing/Frame00584-org.jpg
585,sangat-keriting,val,Figaro-1k/Original/Training/Frame00585-org.jpg
586,sangat-keriting,val,Figaro-1k/Original/Training/Frame00586-org.jpg
587,sangat-keriting,val,Figaro-1k/Original/Testing/Frame00587-org.jpg
588,sangat-keriting,val,Figaro-1k/Original/Training/Frame00588-org.jpg
589,sangat-keriting,val,Figaro-1k/Original/Training/Frame00589-org.jpg
590,sangat-keriting,val,Figaro-1k/Original/Training/Frame00590-org.jpg
591,sangat-keriting,val,Figaro-1k/Original/Training/Frame00591-org.jpg
592,sangat-keriting,val,Figaro-1k/Original/Training/Frame00592-org.jpg
593,sangat-keriting,val,Figaro-1k/Original/Training/Frame00593-org.jpg
594,sangat-keriting,val,Figaro-1k/Original/Testing/Frame00594-org.jpg
595,sangat-keriting,val,Figaro-1k/Original/Training/Frame00595-org.jpg
596,sangat-keriting,val,Figaro-1k/Original/Testing/Frame00596-org.jpg
597,sangat-keriting,val,Figaro-1k/Original/Training/Frame00597-org.jpg
598,sangat-keriting,val,Figaro-1k/Original/Training/Frame00598-org.jpg
599,sangat-keriting,val,Figaro-1k/Original/Testing/Frame00599-org.jpg
600,sangat-keriting,val,Figaro-1k/Original/Training/Frame00600-org.jpg
